Date,Net,Node ID,TX ID,Sequence #,ts,V_battery,temp_c,temp_F,RH %,rssi (signal strength)
"{""net"":165,""node"":1,""name"":""high-tunnel"",""seq"":25,""ts"":9243,""vbat"":4.34,""t"":29.02,""rh"":35.98,""rssi"":-63,""id"":25,""from"":null,""to"":null}",,,,,,,,,,
2025-09-17T00:53:13Z,165,1,high-tunnel,26,9532,4.339,29.01,84.218,36.57,-63
2025-09-17T00:53:28Z,165,1,high-tunnel,27,9820,4.34,29.01,84.218,37.34,-63
2025-09-17T00:53:44Z,165,1,high-tunnel,28,10109,4.339,28.99,84.182,35.38,-60
2025-09-17T00:54:00Z,165,1,high-tunnel,29,10398,4.339,28.96,84.128,34.44,-64
2025-09-17T00:54:15Z,165,1,high-tunnel,30,10687,4.339,28.99,84.182,35.49,-60
2025-09-17T00:54:31Z,165,1,high-tunnel,31,10976,4.332,28.99,84.182,34.84,-60
2025-09-17T00:54:47Z,165,1,high-tunnel,32,11265,4.332,28.98,84.164,34.66,-59
2025-09-17T00:54:41Z,165,1,high-tunnel,3,4097,4.053,28.76,83.768,35.89,-75
2025-09-17T00:54:43Z,165,1,north-pasture,11,5207,4.024,29.17,84.506,35.08,-74
2025-09-17T01:02:23Z,165,1,test-tx,4,4359,4.058,29.06,84.308,34.77,-71
2025-09-17T01:02:33Z,165,1,high-tunnel,4,4385,4.058,28.78,83.804,35.54,-76
2025-09-17T01:02:35Z,165,1,north-pasture,12,5499,4.023,29.14,84.452,34.77,-74
2025-09-17T01:02:38Z,165,1,test-tx,5,4640,4.065,29.07,84.326,34.67,-70
2025-09-17T01:02:48Z,165,1,high-tunnel,5,4674,4.057,28.76,83.768,35.47,-75
2025-09-17T01:02:50Z,165,1,north-pasture,13,5791,4.02,29.11,84.398,35.13,-75
2025-09-17T01:02:53Z,165,1,test-tx,6,4922,4.058,29.06,84.308,34.78,-58
2025-09-17T01:56:04Z,165,1,test-tx,217,64471,4.058,26.59,79.862,39.56,-99
2025-09-17T01:56:05Z,165,1,high-tunnel,212,64990,4.06,24.3,75.74,59.34,-68
2025-09-17T01:56:08Z,165,1,north-pasture,226,68037,4.024,26.36,79.448,40.04,-114
2025-09-17T01:56:19Z,165,1,test-tx,218,64753,4.06,26.58,79.844,39.56,-98
2025-09-17T01:56:21Z,165,1,high-tunnel,213,65283,4.055,24.24,75.632,61.2,-68
2025-09-17T01:57:09Z,165,1,north-pasture,227,68329,4.016,26.33,79.394,40.18,-114
2025-09-17T01:57:21Z,165,1,test-tx,219,65035,4.062,26.58,79.844,39.64,-98
2025-09-17T01:57:23Z,165,1,high-tunnel,214,65577,4.053,24.18,75.524,61.14,-68
2025-09-17T01:57:24Z,165,1,north-pasture,228,68622,4.023,26.33,79.394,40.3,-114
2025-09-17T01:57:36Z,165,1,test-tx,220,65319,4.063,26.56,79.808,39.57,-100
2025-09-17T01:57:38Z,165,1,high-tunnel,215,65870,4.053,24.15,75.47,58.89,-68
2025-09-17T01:57:39Z,165,1,north-pasture,229,68915,4.016,26.3,79.34,40.33,-114
2025-09-17T01:57:51Z,165,1,test-tx,221,65600,4.058,26.56,79.808,39.57,-99
2025-09-17T01:57:54Z,165,1,high-tunnel,216,66164,4.055,24.09,75.362,59.37,-68
2025-09-17T01:58:07Z,165,1,test-tx,222,65882,4.06,26.55,79.79,39.61,-98
2025-09-17T01:58:10Z,165,1,north-pasture,231,69500,4.021,26.3,79.34,40.29,-114
2025-09-17T01:58:10Z,165,1,high-tunnel,217,66457,4.053,24.06,75.308,56.67,-68
2025-09-17T01:58:22Z,165,1,test-tx,223,66164,4.062,26.55,79.79,40.24,-99
2025-09-17T01:58:25Z,165,1,north-pasture,232,69792,4.023,26.28,79.304,40.71,-115
2025-09-17T01:58:26Z,165,1,high-tunnel,218,66751,4.057,24,75.2,57.54,-68
2025-09-17T01:58:37Z,165,1,test-tx,224,66447,4.057,26.54,79.772,40.14,-100
2025-09-17T01:58:40Z,165,1,north-pasture,233,70084,4.024,26.27,79.286,40.76,-113
2025-09-17T01:58:41Z,165,1,high-tunnel,219,67044,4.055,23.94,75.092,56.11,-68
2025-09-17T01:58:53Z,165,1,test-tx,225,66729,4.053,26.51,79.718,40.29,-99
2025-09-17T01:58:55Z,165,1,north-pasture,234,70378,4.023,26.26,79.268,40.96,-114
2025-09-17T01:58:57Z,165,1,high-tunnel,220,67338,4.053,23.89,75.002,57.71,-68
2025-09-17T01:59:08Z,165,1,test-tx,226,67011,4.062,26.51,79.718,40.35,-98
2025-09-17T01:59:11Z,165,1,north-pasture,235,70670,4.024,26.21,79.178,40.89,-114
2025-09-17T01:59:13Z,165,1,high-tunnel,221,67632,4.055,23.88,74.984,57.64,-68
2025-09-17T01:59:24Z,165,1,test-tx,227,67294,4.058,26.47,79.646,40.17,-98
2025-09-17T01:59:26Z,165,1,north-pasture,236,70962,4.016,26.23,79.214,40.86,-115
2025-09-17T01:59:29Z,165,1,high-tunnel,222,67925,4.058,23.84,74.912,58.01,-68
2025-09-17T01:59:39Z,165,1,test-tx,228,67576,4.057,26.49,79.682,39.8,-98
2025-09-17T01:59:41Z,165,1,north-pasture,237,71254,4.02,26.21,79.178,40.43,-114
2025-09-17T01:59:44Z,165,1,high-tunnel,223,68219,4.06,23.79,74.822,58.61,-67
2025-09-17T01:59:54Z,165,1,test-tx,229,67858,4.06,26.47,79.646,39.52,-98
2025-09-17T01:59:56Z,165,1,north-pasture,238,71548,4.026,26.21,79.178,40.25,-115
2025-09-17T02:00:00Z,165,1,high-tunnel,224,68513,4.053,23.77,74.786,58.63,-67
2025-09-17T02:00:10Z,165,1,test-tx,230,68141,4.063,26.45,79.61,40.04,-98
2025-09-17T02:00:12Z,165,1,north-pasture,239,71839,4.02,26.18,79.124,40.64,-114
2025-09-17T02:00:16Z,165,1,high-tunnel,225,68807,4.053,23.71,74.678,58.77,-67
2025-09-17T02:00:25Z,165,1,test-tx,231,68423,4.058,26.45,79.61,39.92,-98
2025-09-17T02:00:27Z,165,1,north-pasture,240,72132,4.021,26.2,79.16,40.77,-115
2025-09-17T02:00:31Z,165,1,high-tunnel,226,69100,4.052,23.67,74.606,58.68,-67
2025-09-17T02:00:40Z,165,1,test-tx,232,68705,4.062,26.45,79.61,39.82,-98
2025-09-17T02:00:42Z,165,1,north-pasture,241,72425,4.023,26.18,79.124,40.59,-114
2025-09-17T02:00:47Z,165,1,high-tunnel,227,69394,4.057,23.64,74.552,57.91,-68
2025-09-17T02:00:56Z,165,1,test-tx,233,68988,4.062,26.44,79.592,40.03,-98
2025-09-17T02:00:57Z,165,1,north-pasture,242,72719,4.02,26.2,79.16,40.63,-115
2025-09-17T02:01:03Z,165,1,high-tunnel,228,69688,4.055,23.63,74.534,58.2,-68
2025-09-17T02:01:11Z,165,1,test-tx,234,69270,4.058,26.41,79.538,40.35,-98
2025-09-17T02:01:13Z,165,1,north-pasture,243,73010,4.023,26.14,79.052,40.94,-114
2025-09-17T02:01:19Z,165,1,high-tunnel,229,69982,4.062,23.56,74.408,60.68,-67
2025-09-17T02:01:27Z,165,1,test-tx,235,69552,4.06,26.4,79.52,40.36,-98
2025-09-17T02:01:28Z,165,1,north-pasture,244,73303,4.018,26.13,79.034,40.91,-114
2025-09-17T02:01:34Z,165,1,high-tunnel,230,70276,4.055,23.53,74.354,62.95,-67
2025-09-17T02:01:42Z,165,1,test-tx,236,69834,4.058,26.38,79.484,40.18,-97
2025-09-17T02:01:43Z,165,1,north-pasture,245,73596,4.016,26.14,79.052,40.91,-114
2025-09-17T02:01:50Z,165,1,high-tunnel,231,70570,4.057,23.49,74.282,59.64,-67
2025-09-17T02:01:57Z,165,1,test-tx,237,70116,4.062,26.38,79.484,40.08,-106
2025-09-17T02:01:58Z,165,1,north-pasture,246,73887,4.016,26.13,79.034,40.77,-117
2025-09-17T02:02:06Z,165,1,high-tunnel,232,70864,4.055,23.45,74.21,61.45,-68
2025-09-17T02:02:13Z,165,1,test-tx,238,70398,4.062,26.37,79.466,40.4,-104
2025-09-17T02:02:14Z,165,1,north-pasture,247,74179,4.023,26.12,79.016,40.95,-117
2025-09-17T02:02:22Z,165,1,high-tunnel,233,71158,4.055,23.42,74.156,64.04,-68
2025-09-17T02:02:28Z,165,1,test-tx,239,70680,4.058,26.38,79.484,40.43,-103
2025-09-17T02:02:29Z,165,1,north-pasture,248,74472,4.021,26.13,79.034,40.99,-116
2025-09-17T02:02:37Z,165,1,high-tunnel,234,71452,4.057,23.34,74.012,64.62,-67
2025-09-17T02:02:43Z,165,1,test-tx,240,70962,4.058,26.36,79.448,40.26,-105
2025-09-17T02:02:44Z,165,1,north-pasture,249,74766,4.018,26.1,78.98,40.91,-121
2025-09-17T02:02:53Z,165,1,high-tunnel,235,71746,4.058,23.32,73.976,64.37,-68
2025-09-17T02:02:59Z,165,1,test-tx,241,71245,4.06,26.36,79.448,40.38,-102
2025-09-17T02:02:59Z,165,1,north-pasture,250,75057,4.021,26.09,78.962,40.81,-115
2025-09-17T02:03:14Z,165,1,test-tx,242,71527,4.058,26.37,79.466,39.98,-97
2025-09-17T02:03:15Z,165,1,north-pasture,251,75350,4.023,26.1,78.98,40.78,-114
2025-09-17T02:03:30Z,165,1,test-tx,243,71808,4.063,26.36,79.448,39.76,-97
2025-09-17T02:03:30Z,165,1,north-pasture,252,75643,4.021,26.09,78.962,40.63,-114
2025-09-17T02:03:40Z,165,1,high-tunnel,238,72628,4.053,23.23,73.814,65.49,-68
2025-09-17T02:03:46Z,165,1,test-tx,244,72090,4.057,26.34,79.412,39.8,-97
2025-09-17T02:03:46Z,165,1,north-pasture,253,75935,4.02,26.06,78.908,40.55,-115
2025-09-17T02:03:56Z,165,1,high-tunnel,239,72921,4.053,23.18,73.724,65.66,-67
2025-09-17T02:04:12Z,165,1,high-tunnel,240,73214,4.055,23.13,73.634,66.39,-68
2025-09-17T02:04:28Z,165,1,high-tunnel,241,73507,4.058,23.08,73.544,66.91,-67
2025-09-17T02:04:43Z,165,1,high-tunnel,242,73800,4.055,23.06,73.508,66.9,-68
2025-09-17T02:04:46Z,165,1,north-pasture,257,77105,4.018,26.03,78.854,41.2,-114
2025-09-17T02:04:46Z,165,1,test-tx,248,73221,4.06,26.26,79.268,40.46,-97
2025-09-17T02:04:59Z,165,1,high-tunnel,243,74093,4.057,23.02,73.436,63.69,-68
2025-09-17T02:05:01Z,165,1,north-pasture,258,77397,4.021,26,78.8,41.24,-114
2025-09-17T02:05:02Z,165,1,test-tx,249,73504,4.062,26.27,79.286,40.53,-97
2025-09-17T02:05:15Z,165,1,high-tunnel,244,74386,4.053,22.99,73.382,64.11,-69
2025-09-17T02:05:17Z,165,1,north-pasture,259,77691,4.016,26.01,78.818,41,-113
2025-09-17T02:05:17Z,165,1,test-tx,250,73786,4.057,26.27,79.286,40.28,-98
2025-09-17T02:05:31Z,165,1,high-tunnel,245,74679,4.057,22.92,73.256,64.06,a
2025-09-17T02:05:32Z,165,1,north-pasture,260,77983,4.021,25.99,78.782,41.09,-114
2025-09-17T02:05:33Z,165,1,test-tx,251,74068,4.06,26.24,79.232,40.39,-98
2025-09-17T02:05:46Z,165,1,high-tunnel,246,74972,4.055,22.88,73.184,63.51,-70
2025-09-17T02:05:47Z,165,1,north-pasture,261,78275,4.024,25.94,78.692,41.11,-114
2025-09-17T02:05:48Z,165,1,test-tx,252,74350,4.058,26.24,79.232,40.4,-98
2025-09-17T02:06:02Z,165,1,high-tunnel,247,75265,4.052,22.82,73.076,63.16,-69
2025-09-17T02:06:03Z,165,1,north-pasture,262,78568,4.02,25.97,78.746,41.04,-114
2025-09-17T02:06:03Z,165,1,test-tx,253,74633,4.058,26.23,79.214,40.3,-97
2025-09-17T02:06:18Z,165,1,north-pasture,263,78861,4.021,25.94,78.692,41.05,-114
2025-09-17T02:06:18Z,165,1,high-tunnel,248,75559,4.053,22.78,73.004,63.66,-66
2025-09-17T02:06:19Z,165,1,test-tx,254,74916,4.06,26.21,79.178,40.21,-97
2025-09-17T02:06:33Z,165,1,north-pasture,264,79154,4.023,25.93,78.674,41.23,-116
2025-09-17T02:06:34Z,165,1,high-tunnel,249,75852,4.057,22.75,72.95,61.53,-76
2025-09-17T02:06:34Z,165,1,test-tx,255,75199,4.057,26.2,79.16,40.19,-97
2025-09-17T02:06:48Z,165,1,north-pasture,265,79445,4.02,25.92,78.656,40.8,-115
2025-09-17T02:07:03Z,165,1,north-pasture,266,79737,4.021,25.93,78.674,40.89,-115
2025-09-17T02:07:05Z,165,1,test-tx,257,75764,4.05,26.17,79.106,39.97,-99
2025-09-17T02:07:05Z,165,1,high-tunnel,251,76439,4.058,22.55,72.59,69.35,-77
2025-09-17T02:07:19Z,165,1,north-pasture,267,80031,4.021,25.9,78.62,41,-114
2025-09-17T02:07:20Z,165,1,test-tx,258,76046,4.062,26.17,79.106,40.29,-98
2025-09-17T02:07:21Z,165,1,high-tunnel,252,76733,4.053,22.44,72.392,70.26,-77
2025-09-17T02:07:34Z,165,1,north-pasture,268,80323,4.023,25.89,78.602,41.12,-115
2025-09-17T02:07:36Z,165,1,test-tx,259,76328,4.06,26.16,79.088,40.63,-98
2025-09-17T02:07:37Z,165,1,high-tunnel,253,77026,4.055,22.34,72.212,70.89,-77
2025-09-17T02:07:49Z,165,1,north-pasture,269,80616,4.02,25.89,78.602,41.33,-115
2025-09-17T02:07:51Z,165,1,test-tx,260,76610,4.062,26.19,79.142,40.74,-99
2025-09-17T02:07:53Z,165,1,high-tunnel,254,77319,4.058,22.27,72.086,69.06,-77
2025-09-17T02:08:05Z,165,1,north-pasture,270,80907,4.023,25.89,78.602,41.38,-115
2025-09-17T02:08:06Z,165,1,test-tx,261,76892,4.057,26.14,79.052,40.87,-99
2025-09-17T02:08:08Z,165,1,high-tunnel,255,77612,4.055,22.09,71.762,69.68,-77
2025-09-17T02:08:20Z,165,1,north-pasture,271,81199,4.023,25.89,78.602,41.83,-115
2025-09-17T02:08:22Z,165,1,test-tx,262,77174,4.062,26.14,79.052,41.33,-97
2025-09-17T02:08:24Z,165,1,high-tunnel,256,77906,4.058,21.93,71.474,70.52,-77
2025-09-17T02:08:35Z,165,1,north-pasture,272,81492,4.021,25.87,78.566,42.03,-114
2025-09-17T02:08:37Z,165,1,test-tx,263,77456,4.062,26.14,79.052,41.19,-97
2025-09-17T02:08:40Z,165,1,high-tunnel,257,78199,4.055,21.86,71.348,71.56,-77
2025-09-17T02:08:50Z,165,1,north-pasture,273,81785,4.016,25.87,78.566,42.06,-115
2025-09-17T02:08:52Z,165,1,test-tx,264,77738,4.058,26.13,79.034,41.2,-97
2025-09-17T02:08:56Z,165,1,high-tunnel,258,78492,4.055,21.83,71.294,71.1,-77
2025-09-17T02:09:06Z,165,1,north-pasture,274,82079,4.023,25.86,78.548,41.95,-115
2025-09-17T02:09:08Z,165,1,test-tx,265,78020,4.058,26.1,78.98,41.26,-98
2025-09-17T02:09:12Z,165,1,high-tunnel,259,78786,4.053,21.74,71.132,70.68,-77
2025-09-17T02:09:21Z,165,1,north-pasture,275,82371,4.021,25.85,78.53,42.03,-114
2025-09-17T02:09:23Z,165,1,test-tx,266,78302,4.06,26.12,79.016,41.34,-97
2025-09-17T02:09:27Z,165,1,high-tunnel,260,79079,4.055,21.68,71.024,71,-77
2025-09-17T02:09:36Z,165,1,north-pasture,276,82664,4.024,25.83,78.494,41.89,-114
2025-09-17T02:09:39Z,165,1,test-tx,267,78584,4.06,26.1,78.98,41.26,-97
2025-09-17T02:09:43Z,165,1,high-tunnel,261,79372,4.053,21.65,70.97,71.06,-79
2025-09-17T02:09:51Z,165,1,north-pasture,277,82955,4.02,25.82,78.476,41.68,-115
2025-09-17T02:09:54Z,165,1,test-tx,268,78867,4.058,26.06,78.908,41.12,-97
2025-09-17T02:09:59Z,165,1,high-tunnel,262,79666,4.055,21.52,70.736,70.72,-77
2025-09-17T02:10:07Z,165,1,north-pasture,278,83248,4.016,25.8,78.44,41.7,-114
2025-09-17T02:10:09Z,165,1,test-tx,269,79150,4.057,26.06,78.908,40.93,-97
2025-09-17T02:10:15Z,165,1,high-tunnel,263,79959,4.058,21.48,70.664,70.14,-79
2025-09-17T02:10:22Z,165,1,north-pasture,279,83542,4.018,25.78,78.404,41.52,-114
2025-09-17T02:10:25Z,165,1,test-tx,270,79433,4.058,26.06,78.908,40.73,-97
2025-09-17T02:10:30Z,165,1,high-tunnel,264,80253,4.047,21.38,70.484,70.53,-77
2025-09-17T02:10:37Z,165,1,north-pasture,280,83835,4.023,25.78,78.404,41.23,-115
2025-09-17T02:10:40Z,165,1,test-tx,271,79716,4.063,26.04,78.872,40.32,-97
2025-09-17T02:10:46Z,165,1,high-tunnel,265,80546,4.055,21.34,70.412,71.44,-77
2025-09-17T02:10:52Z,165,1,north-pasture,281,84129,4.016,25.78,78.404,41.28,-114
2025-09-17T02:10:56Z,165,1,test-tx,272,79998,4.055,26.02,78.836,40.4,-97
2025-09-17T02:11:02Z,165,1,high-tunnel,266,80840,4.055,21.31,70.358,70.72,-77
2025-09-17T02:11:08Z,165,1,north-pasture,282,84421,4.012,25.75,78.35,41.36,-114
2025-09-17T02:11:11Z,165,1,test-tx,273,80281,4.058,26.03,78.854,40.63,-97
2025-09-17T02:11:18Z,165,1,high-tunnel,267,81134,4.055,21.33,70.394,72.76,-77
2025-09-17T02:11:23Z,165,1,north-pasture,283,84715,4.024,25.75,78.35,41.61,-114
2025-09-17T02:11:26Z,165,1,test-tx,274,80564,4.053,26,78.8,40.82,-97
2025-09-17T02:11:34Z,165,1,high-tunnel,268,81428,4.055,21.24,70.232,73.2,-77
2025-09-17T02:11:38Z,165,1,north-pasture,284,85007,4.02,25.72,78.296,41.69,-114
2025-09-17T02:11:42Z,165,1,test-tx,275,80846,4.057,26,78.8,41.23,-98
2025-09-17T02:11:49Z,165,1,high-tunnel,269,81722,4.058,21.17,70.106,72.92,-77
2025-09-17T02:11:53Z,165,1,north-pasture,285,85301,4.02,25.7,78.26,43.11,-114
2025-09-17T02:11:57Z,165,1,test-tx,276,81128,4.063,25.99,78.782,42.01,-97
2025-09-17T02:12:05Z,165,1,high-tunnel,270,82016,4.058,21.19,70.142,72.39,-77
2025-09-17T02:12:09Z,165,1,north-pasture,286,85593,4.023,25.69,78.242,42.76,-113
2025-09-17T02:12:12Z,165,1,test-tx,277,81410,4.058,25.93,78.674,41.83,-97
2025-09-17T02:12:21Z,165,1,high-tunnel,271,82309,4.058,21.1,69.98,72.8,-77
2025-09-17T02:12:24Z,165,1,north-pasture,287,85887,4.023,25.68,78.224,42.39,-114
2025-09-17T02:12:28Z,165,1,test-tx,278,81692,4.062,25.94,78.692,41.65,-98
2025-09-17T02:12:37Z,165,1,high-tunnel,272,82603,4.055,21.06,69.908,72.74,-77
2025-09-17T02:12:39Z,165,1,north-pasture,288,86179,4.015,25.68,78.224,42.39,-114
2025-09-17T02:12:43Z,165,1,test-tx,279,81975,4.06,25.92,78.656,41.52,-98
2025-09-17T02:12:53Z,165,1,high-tunnel,273,82897,4.055,21.02,69.836,72.55,-77
2025-09-17T02:12:55Z,165,1,north-pasture,289,86472,4.02,25.65,78.17,42.34,-114
2025-09-17T02:12:59Z,165,1,test-tx,280,82258,4.06,25.92,78.656,41.38,-98
2025-09-17T02:13:08Z,165,1,high-tunnel,274,83191,4.053,20.93,69.674,73.25,-77
2025-09-17T02:13:10Z,165,1,north-pasture,290,86763,4.02,25.63,78.134,42.5,-114
2025-09-17T02:13:14Z,165,1,test-tx,281,82540,4.055,25.92,78.656,41.7,-98
2025-09-17T02:13:24Z,165,1,high-tunnel,275,83485,4.063,20.9,69.62,72.63,-76
2025-09-17T02:13:25Z,165,1,north-pasture,291,87056,4.02,25.62,78.116,42.49,-114
2025-09-17T02:13:29Z,165,1,test-tx,282,82822,4.058,25.89,78.602,42.32,-98
2025-09-17T02:13:40Z,165,1,high-tunnel,276,83779,4.053,20.85,69.53,73,-77
2025-09-17T02:13:40Z,165,1,north-pasture,292,87347,4.024,25.59,78.062,43.25,-114
2025-09-17T02:13:45Z,165,1,test-tx,283,83104,4.058,25.86,78.548,42.5,-97
2025-09-17T02:13:56Z,165,1,north-pasture,293,87639,4.02,25.59,78.062,43.8,-114
2025-09-17T02:13:56Z,165,1,high-tunnel,277,84073,4.058,20.79,69.422,72.64,-79
2025-09-17T02:14:00Z,165,1,test-tx,284,83387,4.062,25.85,78.53,43,-98
2025-09-17T02:14:11Z,165,1,north-pasture,294,87931,4.018,25.55,77.99,43.44,-114
2025-09-17T02:14:12Z,165,1,high-tunnel,278,84367,4.053,20.75,69.35,73.91,-77
2025-09-17T02:14:16Z,165,1,test-tx,285,83669,4.057,25.83,78.494,42.6,-97
2025-09-17T02:14:26Z,165,1,north-pasture,295,88223,4.021,25.55,77.99,43.32,-114
2025-09-17T02:14:27Z,165,1,high-tunnel,279,84661,4.057,20.75,69.35,73.7,-77
2025-09-17T02:14:31Z,165,1,test-tx,286,83951,4.057,25.85,78.53,42.23,-97
2025-09-17T02:14:41Z,165,1,north-pasture,296,88515,4.018,25.53,77.954,43.15,-114
2025-09-17T02:14:43Z,165,1,high-tunnel,280,84954,4.052,20.72,69.296,73.7,-77
2025-09-17T02:14:46Z,165,1,test-tx,287,84234,4.06,25.81,78.458,42.3,-97
2025-09-17T02:14:57Z,165,1,north-pasture,297,88808,4.02,25.53,77.954,42.99,-115
2025-09-17T02:14:59Z,165,1,high-tunnel,281,85247,4.058,20.65,69.17,73.59,-77
2025-09-17T02:15:02Z,165,1,test-tx,288,84516,4.06,25.81,78.458,42.27,-97
2025-09-17T02:15:12Z,165,1,north-pasture,298,89099,4.02,25.5,77.9,43.2,-115
2025-09-17T02:15:15Z,165,1,high-tunnel,282,85541,4.058,20.62,69.116,73.23,-77
2025-09-17T02:15:17Z,165,1,test-tx,289,84798,4.063,25.78,78.404,42.84,-98
2025-09-17T02:15:27Z,165,1,north-pasture,299,89392,4.021,25.49,77.882,43.58,-114
2025-09-17T02:15:31Z,165,1,high-tunnel,283,85835,4.055,20.59,69.062,73.4,-77
2025-09-17T02:15:33Z,165,1,test-tx,290,85081,4.062,25.76,78.368,43.27,-98
2025-09-17T02:15:42Z,165,1,north-pasture,300,89684,4.024,25.46,77.828,43.93,-115
2025-09-17T02:15:46Z,165,1,high-tunnel,284,86129,4.058,20.59,69.062,74.84,-77
2025-09-17T02:15:48Z,165,1,test-tx,291,85363,4.057,25.74,78.332,43.31,-98
2025-09-17T02:15:58Z,165,1,north-pasture,301,89978,4.02,25.46,77.828,44.08,-115
2025-09-17T02:16:02Z,165,1,high-tunnel,285,86424,4.053,20.55,68.99,74.22,-77
2025-09-17T02:16:03Z,165,1,test-tx,292,85645,4.063,25.74,78.332,43.4,-97
2025-09-17T02:16:13Z,165,1,north-pasture,302,90271,4.021,25.46,77.828,44.23,-115
2025-09-17T02:16:18Z,165,1,high-tunnel,286,86717,4.052,20.52,68.936,75.18,-77
2025-09-17T02:16:19Z,165,1,test-tx,293,85928,4.055,25.69,78.242,43.33,-98
2025-09-17T02:16:28Z,165,1,north-pasture,303,90564,4.02,25.42,77.756,43.88,-115
2025-09-17T02:16:34Z,165,1,high-tunnel,287,87011,4.057,20.49,68.882,75.4,-77
2025-09-17T02:16:34Z,165,1,test-tx,294,86210,4.055,25.71,78.278,43.13,-98
2025-09-17T02:16:44Z,165,1,north-pasture,304,90856,4.02,25.45,77.81,43.73,-115
2025-09-17T02:16:49Z,165,1,test-tx,295,86492,4.057,25.68,78.224,42.8,-98
2025-09-17T02:16:50Z,165,1,high-tunnel,288,87305,4.053,20.47,68.846,74.04,-79
2025-09-17T02:16:59Z,165,1,north-pasture,305,91148,4.021,25.43,77.774,43.64,-114
2025-09-17T02:17:05Z,165,1,test-tx,296,86775,4.062,25.68,78.224,42.9,-98
2025-09-17T02:17:06Z,165,1,high-tunnel,289,87599,4.06,20.45,68.81,73.45,-77
2025-09-17T02:17:14Z,165,1,north-pasture,306,91441,4.02,25.39,77.702,43.16,-115
2025-09-17T02:17:20Z,165,1,test-tx,297,87057,4.058,25.68,78.224,42.33,-97
2025-09-17T02:17:21Z,165,1,high-tunnel,290,87892,4.058,20.41,68.738,75.38,-77
2025-09-17T02:17:29Z,165,1,north-pasture,307,91733,4.02,25.39,77.702,42.91,-116
2025-09-17T02:17:36Z,165,1,test-tx,298,87339,4.058,4.058,78.224,42.38,-97
2025-09-17T02:17:37Z,165,1,high-tunnel,291,88186,4.053,20.39,68.702,75.22,-77
2025-09-17T02:17:45Z,165,1,north-pasture,308,92027,4.023,25.38,77.684,43.13,-114
2025-09-17T02:17:51Z,165,1,test-tx,299,87622,4.058,25.66,78.188,42.62,-98
2025-09-17T02:17:53Z,165,1,high-tunnel,292,88480,4.055,20.35,68.63,73.7,-79
2025-09-17T02:18:00Z,165,1,north-pasture,309,92320,4.02,25.38,77.684,43.32,-114
2025-09-17T02:18:06Z,165,1,test-tx,300,87904,4.063,25.64,78.152,42.88,-98
2025-09-17T02:18:09Z,165,1,high-tunnel,293,88774,4.055,20.37,68.666,74.49,-83
2025-09-17T02:18:15Z,165,1,north-pasture,310,92613,4.02,25.37,77.666,43.5,-114
2025-09-17T02:18:22Z,165,1,test-tx,301,88186,4.058,25.64,78.152,42.64,-98
2025-09-17T02:18:25Z,165,1,high-tunnel,294,89067,4.055,20.39,68.702,73.52,-84
2025-09-17T02:18:30Z,165,1,north-pasture,311,92905,4.021,25.35,77.63,43.43,-115
2025-09-17T02:18:37Z,165,1,test-tx,302,88469,4.057,25.61,78.098,42.6,-98
2025-09-17T02:18:40Z,165,1,high-tunnel,295,89360,4.058,20.45,68.81,75.6,-82
2025-09-17T02:18:46Z,165,1,north-pasture,312,93197,4.02,25.34,77.612,43.18,-114
2025-09-17T02:18:53Z,165,1,test-tx,303,88751,4.057,25.62,78.116,42.36,-98
2025-09-17T02:18:56Z,165,1,high-tunnel,296,89653,4.055,20.41,68.738,74.01,-85
2025-09-17T02:19:01Z,165,1,north-pasture,313,93490,4.02,25.34,77.612,43.05,-114
2025-09-17T02:19:08Z,165,1,test-tx,304,89035,4.055,25.61,78.098,42.19,-98
2025-09-17T02:19:12Z,165,1,high-tunnel,297,89947,4.057,20.42,68.756,73.03,-77
2025-09-17T02:19:16Z,165,1,north-pasture,314,93782,4.021,25.28,77.504,42.99,-114
2025-09-17T02:19:23Z,165,1,test-tx,305,89317,4.057,25.61,78.098,42.41,-96
2025-09-17T02:19:28Z,165,1,high-tunnel,298,90240,4.055,20.44,68.792,74.58,-76
2025-09-17T02:19:31Z,165,1,north-pasture,315,94074,4.02,25.31,77.558,43.06,-113
2025-09-17T02:19:39Z,165,1,test-tx,306,89600,4.055,25.61,78.098,42.33,-97
2025-09-17T02:19:44Z,165,1,high-tunnel,299,90533,4.057,20.35,68.63,74.6,-77
2025-09-17T02:19:47Z,165,1,north-pasture,316,94368,4.021,25.29,77.522,42.96,-114
2025-09-17T02:19:54Z,165,1,test-tx,307,89882,4.06,25.58,78.044,42.09,-96
2025-09-17T02:20:00Z,165,1,high-tunnel,300,90826,4.058,20.3,68.54,76.02,-79
2025-09-17T02:20:02Z,165,1,north-pasture,317,94661,4.024,25.27,77.486,43.3,-113
2025-09-17T02:20:10Z,165,1,test-tx,308,90164,4.06,25.55,77.99,44.36,-97
2025-09-17T02:20:15Z,165,1,high-tunnel,301,91119,4.057,20.25,68.45,75.76,-77
2025-09-17T02:20:17Z,165,1,north-pasture,318,94953,4.024,25.27,77.486,44.93,-114
2025-09-17T02:20:25Z,165,1,test-tx,309,90447,4.055,25.52,77.936,44.36,-95
2025-09-17T02:20:31Z,165,1,high-tunnel,302,91412,4.052,20.22,68.396,76.22,-80
2025-09-17T02:20:35Z,165,1,north-pasture,319,95246,4.021,25.25,77.45,44.79,-114
2025-09-17T02:20:40Z,165,1,test-tx,310,90730,4.057,25.52,77.936,43.62,-97
2025-09-17T02:20:47Z,165,1,high-tunnel,303,91705,4.057,20.2,68.36,76.05,-77
2025-09-17T02:20:48Z,165,1,north-pasture,320,95539,4.021,25.25,77.45,44.16,-114
2025-09-17T02:20:56Z,165,1,test-tx,311,91012,4.062,25.54,77.972,43.53,-96
2025-09-17T02:21:03Z,165,1,high-tunnel,304,91998,4.058,20.14,68.252,77.4,-79
2025-09-17T02:21:03Z,165,1,north-pasture,321,95832,4.02,25.22,77.396,44.17,-113
2025-09-17T02:21:11Z,165,1,test-tx,312,91294,4.057,25.49,77.882,43.45,-97
2025-09-17T02:21:18Z,165,1,north-pasture,322,96124,4.015,25.19,77.342,43.99,-114
2025-09-17T02:21:19Z,165,1,high-tunnel,305,92292,4.055,20.1,68.18,74.26,-79
2025-09-17T02:21:27Z,165,1,test-tx,313,91577,4.057,25.47,77.846,43.22,-96
2025-09-17T02:21:34Z,165,1,north-pasture,323,96417,4.02,25.18,77.324,44.05,-114
2025-09-17T02:21:35Z,165,1,high-tunnel,306,92585,4.058,20.1,68.18,76.71,-77
2025-09-17T02:21:42Z,165,1,test-tx,314,91860,4.058,25.45,77.81,44.3,-105
2025-09-17T02:21:49Z,165,1,north-pasture,324,96710,4.016,25.15,77.27,45.26,-116
2025-09-17T02:21:50Z,165,1,high-tunnel,307,92878,4.055,20.01,68.018,77.19,-77
2025-09-17T02:21:57Z,165,1,test-tx,315,92142,4.058,25.42,77.756,44.37,-95
2025-09-17T02:22:04Z,165,1,north-pasture,325,97003,4.021,25.14,77.252,44.86,-116
2025-09-17T02:22:06Z,165,1,high-tunnel,308,93171,4.053,20,68,76.84,-79
2025-09-17T02:22:13Z,165,1,test-tx,316,92425,4.058,25.4,77.72,43.63,-98
2025-09-17T02:22:19Z,165,1,north-pasture,326,97296,4.018,25.15,77.27,44.01,-117
2025-09-17T02:22:22Z,165,1,high-tunnel,309,93464,4.055,19.97,67.946,74.24,-77
2025-09-17T02:22:28Z,165,1,test-tx,317,92707,4.06,25.38,77.684,43.24,-97
2025-09-17T02:22:35Z,165,1,north-pasture,327,97588,4.024,25.14,77.252,43.72,-117
2025-09-17T02:22:38Z,165,1,high-tunnel,310,93758,4.053,19.93,67.874,75.38,-89
2025-09-17T02:22:43Z,165,1,test-tx,318,92990,4.058,25.38,77.684,43.1,-96
2025-09-17T02:22:50Z,165,1,north-pasture,328,97882,4.021,25.11,77.198,43.76,-117
2025-09-17T02:22:54Z,165,1,high-tunnel,311,94052,4.053,20.13,68.234,68.52,-72
2025-09-17T02:22:59Z,165,1,test-tx,319,93272,4.058,25.37,77.666,43.83,-97
2025-09-17T02:23:05Z,165,1,north-pasture,329,98174,4.018,25.1,77.18,44.73,-117
2025-09-17T02:23:09Z,165,1,high-tunnel,312,94345,4.058,20.71,69.278,57.64,-73
2025-09-17T02:23:14Z,165,1,test-tx,320,93555,4.055,25.34,77.612,46.32,-96
2025-09-17T02:23:21Z,165,1,north-pasture,330,98466,4.021,25.07,77.126,46.72,-117
2025-09-17T02:23:25Z,165,1,high-tunnel,313,94639,4.053,21.14,70.052,58.07,-72
2025-09-17T02:23:30Z,165,1,test-tx,321,93837,4.06,25.31,77.558,45.73,-96
2025-09-17T02:23:36Z,165,1,north-pasture,331,98759,4.021,25.06,77.108,45.93,-116
2025-09-17T02:23:41Z,165,1,high-tunnel,314,94932,4.057,21.48,70.664,57.43,-61
2025-09-17T02:23:45Z,165,1,test-tx,322,94120,4.057,25.31,77.558,46.29,-96
2025-09-17T02:23:51Z,165,1,north-pasture,332,99052,4.02,25.06,77.108,45.92,-117
2025-09-17T02:23:57Z,165,1,high-tunnel,315,95225,4.055,21.85,71.33,61.18,-75
2025-09-17T02:24:00Z,165,1,test-tx,323,94403,4.057,25.3,77.54,45.77,-96
2025-09-17T02:24:06Z,165,1,north-pasture,333,99345,4.02,25.03,77.054,45.78,-117
2025-09-17T02:24:13Z,165,1,high-tunnel,316,95519,4.055,21.74,71.132,68.68,-71
2025-09-17T02:24:16Z,165,1,test-tx,324,94685,4.063,25.3,77.54,44.74,-96
2025-09-17T02:24:22Z,165,1,north-pasture,334,99637,4.023,25.01,77.018,45.08,-117
2025-09-17T02:24:29Z,165,1,high-tunnel,317,95813,4.057,21.62,70.916,69.92,-92
2025-09-17T02:24:31Z,165,1,test-tx,325,94968,4.06,25.28,77.504,44.14,-97
2025-09-17T02:24:37Z,165,1,north-pasture,335,99931,4.018,25.01,77.018,45.55,-117
2025-09-17T02:24:45Z,165,1,high-tunnel,318,96106,4.057,21.57,70.826,70.02,-85
2025-09-17T02:24:47Z,165,1,test-tx,326,95250,4.058,25.24,77.432,45.73,-96
2025-09-17T02:24:52Z,165,1,north-pasture,336,100222,4.02,25,77,46.07,-117
2025-09-17T02:25:00Z,165,1,high-tunnel,319,96399,4.055,21.71,71.078,58.26,-91
2025-09-17T02:25:02Z,165,1,test-tx,327,95532,4.058,25.23,77.414,45.63,-97
2025-09-17T02:25:07Z,165,1,north-pasture,337,100514,4.021,24.97,76.946,46.07,-117
2025-09-17T02:25:16Z,165,1,high-tunnel,320,96693,4.057,21.65,70.97,59.29,-98
2025-09-17T02:25:17Z,165,1,test-tx,328,95815,4.058,25.24,77.432,45.45,-95
2025-09-17T02:25:23Z,165,1,north-pasture,338,100807,4.018,24.92,76.856,45.9,-117
2025-09-17T02:25:32Z,165,1,high-tunnel,321,96987,4.058,21.61,70.898,58.78,-98
2025-09-17T02:25:33Z,165,1,test-tx,329,96098,4.058,25.2,77.36,45.14,-96
2025-09-17T02:25:38Z,165,1,north-pasture,339,101100,4.023,24.92,76.856,45.6,-117
2025-09-17T02:25:48Z,165,1,high-tunnel,322,97280,4.055,21.66,70.988,58.3,-99
2025-09-17T02:25:48Z,165,1,test-tx,330,96381,4.06,25.2,77.36,44.99,-96
2025-09-17T02:25:53Z,165,1,north-pasture,340,101392,4.02,24.92,76.856,45.55,-116
2025-09-17T02:26:09Z,165,1,north-pasture,341,101685,4.021,24.88,76.784,45.3,-117
2025-09-17T02:26:19Z,165,1,test-tx,332,96946,4.06,25.16,77.288,47.79,-96
2025-09-17T02:26:20Z,165,1,high-tunnel,324,97868,4.057,22.05,71.69,58.47,-90
2025-09-17T02:26:24Z,165,1,north-pasture,342,101976,4.023,24.86,76.748,47.82,-116
2025-09-17T02:26:34Z,165,1,test-tx,333,97229,4.058,25.13,77.234,46.94,-96
2025-09-17T02:26:35Z,165,1,high-tunnel,325,98161,4.057,22,71.6,56.37,-93
2025-09-17T02:26:39Z,165,1,north-pasture,343,102269,4.018,24.87,76.766,46.96,-116
2025-09-17T02:26:50Z,165,1,test-tx,334,97512,4.055,25.12,77.216,45.49,-96
2025-09-17T02:26:51Z,165,1,high-tunnel,326,98454,4.055,22,71.6,56.14,-95
2025-09-17T02:26:54Z,165,1,north-pasture,344,102562,4.023,24.83,76.694,46.01,-116
2025-09-17T02:27:05Z,165,1,test-tx,335,97795,4.06,25.09,77.162,45.05,-96
2025-09-17T02:27:07Z,165,1,high-tunnel,327,98747,4.053,21.98,71.564,55.61,-92
2025-09-17T02:27:10Z,165,1,north-pasture,345,102854,4.02,24.83,76.694,45.65,-116
2025-09-17T02:27:21Z,165,1,test-tx,336,98077,4.058,25.09,77.162,45.15,-97
2025-09-17T02:27:23Z,165,1,high-tunnel,328,99040,4.053,21.92,71.456,55.75,-87
2025-09-17T02:27:25Z,165,1,north-pasture,346,103146,4.021,24.81,76.658,46.18,-116
2025-09-17T02:27:36Z,165,1,test-tx,337,98359,4.055,25.09,77.162,45.54,-96
2025-09-17T02:27:39Z,165,1,high-tunnel,329,99334,4.055,21.79,71.222,56.53,-95
2025-09-17T02:27:40Z,165,1,north-pasture,347,103437,4.02,24.8,76.64,46.42,-116
2025-09-17T02:27:51Z,165,1,test-tx,338,98641,4.057,25.07,77.126,45.33,-96
2025-09-17T02:27:55Z,165,1,high-tunnel,330,99627,4.055,21.77,71.186,57.35,-92
2025-09-17T02:27:56Z,165,1,north-pasture,348,103731,4.02,24.81,76.658,46.07,-116
2025-09-17T02:28:07Z,165,1,test-tx,339,98924,4.058,25.07,77.126,43.35,-96
2025-09-17T02:28:10Z,165,1,high-tunnel,331,99921,4.062,21.86,71.348,56.98,-89
2025-09-17T02:28:11Z,165,1,north-pasture,349,104022,4.018,24.81,76.658,43.9,-116
2025-09-17T02:28:22Z,165,1,test-tx,340,99207,4.06,25.03,77.054,42.66,-97
2025-09-17T02:28:38Z,165,1,test-tx,341,99489,4.06,25.06,77.108,44.71,-97
2025-09-17T02:28:41Z,165,1,north-pasture,351,104607,4.023,24.76,76.568,45.81,-117
2025-09-17T02:28:42Z,165,1,high-tunnel,333,100508,4.055,22.03,71.654,53.99,-102
2025-09-17T02:28:53Z,165,1,test-tx,342,99771,4.058,25.02,77.036,44.5,-96
2025-09-17T02:28:57Z,165,1,north-pasture,352,104899,4.02,24.74,76.532,45.14,-117
2025-09-17T02:28:58Z,165,1,high-tunnel,334,100801,4.055,22.19,71.942,53.79,-102
2025-09-17T02:29:08Z,165,1,test-tx,343,100055,4.057,25.02,77.036,43.92,-96
2025-09-17T02:29:12Z,165,1,north-pasture,353,105192,4.016,24.74,76.532,44.31,-116
2025-09-17T02:29:14Z,165,1,high-tunnel,335,101094,4.053,22.43,72.374,53.63,-117
2025-09-17T02:29:24Z,165,1,test-tx,344,100343,4.058,25.02,77.036,43.39,-96
2025-09-17T02:29:27Z,165,1,north-pasture,354,105483,4.024,24.73,76.514,44.16,-116
2025-09-17T02:29:29Z,165,1,high-tunnel,336,101387,4.058,22.63,72.734,53.69,-113
2025-09-17T02:29:39Z,165,1,test-tx,345,100630,4.062,25,77,43.74,-96
2025-09-17T02:29:42Z,165,1,north-pasture,355,105774,4.02,24.71,76.478,44.56,-116
2025-09-17T02:29:45Z,165,1,high-tunnel,337,101680,4.06,22.84,73.112,52.91,-102
2025-09-17T02:29:55Z,165,1,test-tx,346,100918,4.058,24.99,76.982,44.23,-96
2025-09-17T02:29:58Z,165,1,north-pasture,356,106067,4.02,24.69,76.442,45.02,-117
2025-09-17T02:30:01Z,165,1,high-tunnel,338,101974,4.049,23.03,73.454,51.68,-116
2025-09-17T02:30:10Z,165,1,test-tx,347,101205,4.055,24.93,76.874,44.86,-96
2025-09-17T02:30:13Z,165,1,north-pasture,357,106359,4.02,24.66,76.388,45.84,-116
2025-09-17T02:30:17Z,165,1,high-tunnel,339,102267,4.058,23.19,73.742,50.61,-113
2025-09-17T02:30:26Z,165,1,test-tx,348,101493,4.057,24.93,76.874,44.84,-96
2025-09-17T02:30:28Z,165,1,north-pasture,358,106650,4.021,24.64,76.352,45.15,-116
2025-09-17T02:30:33Z,165,1,high-tunnel,340,102561,4.053,23.38,74.084,49.93,-112
2025-09-17T02:30:41Z,165,1,test-tx,349,101780,4.058,24.92,76.856,43.78,-96
2025-09-17T02:30:44Z,165,1,north-pasture,359,106942,4.02,24.64,76.352,44.24,-116
2025-09-17T02:30:49Z,165,1,high-tunnel,341,102854,4.053,23.36,74.048,53.35,-112
2025-09-17T02:30:56Z,165,1,test-tx,350,102067,4.058,24.92,76.856,43.38,-96
2025-09-17T02:30:59Z,165,1,north-pasture,360,107236,4.021,24.61,76.298,44.12,-116
2025-09-17T02:31:04Z,165,1,high-tunnel,342,103148,4.055,23.33,73.994,54.55,-112
2025-09-17T02:31:12Z,165,1,test-tx,351,102355,4.057,24.89,76.802,43.44,-96
2025-09-17T02:31:14Z,165,1,north-pasture,361,107529,4.021,24.6,76.28,44.17,-116
2025-09-17T02:31:20Z,165,1,high-tunnel,343,103442,4.062,23.29,73.922,55.47,-111
2025-09-17T02:31:27Z,165,1,test-tx,352,102642,4.057,24.85,76.73,43.62,-97
2025-09-17T02:31:29Z,165,1,north-pasture,362,107821,4.02,24.6,76.28,44.34,-116
2025-09-17T02:31:36Z,165,1,high-tunnel,344,103736,4.057,23.26,73.868,56.54,-112
2025-09-17T02:31:43Z,165,1,test-tx,353,102930,4.06,24.83,76.694,43.58,-96
2025-09-17T02:31:45Z,165,1,north-pasture,363,108112,4.02,24.57,76.226,44.27,-118
2025-09-17T02:31:52Z,165,1,high-tunnel,345,104030,4.053,23.23,73.814,53.45,-105
2025-09-17T02:31:58Z,165,1,test-tx,354,103217,4.057,24.8,76.64,43.31,-96
2025-09-17T02:32:00Z,165,1,north-pasture,364,108403,4.018,24.57,76.226,44.06,-116
2025-09-17T02:32:08Z,165,1,high-tunnel,346,104324,4.057,23.36,74.048,52.2,-112
2025-09-17T02:32:13Z,165,1,test-tx,355,103504,4.06,24.8,76.64,43.73,-96
2025-09-17T02:32:15Z,165,1,north-pasture,365,108695,4.023,24.53,76.154,44.64,-116
2025-09-17T02:32:23Z,165,1,high-tunnel,347,104618,4.055,23.4,74.12,53.65,-108
2025-09-17T02:32:29Z,165,1,test-tx,356,103792,4.062,24.82,76.676,43.73,-96
2025-09-17T02:32:31Z,165,1,north-pasture,366,108988,4.021,24.52,76.136,44.56,-116
2025-09-17T02:32:39Z,165,1,high-tunnel,348,104913,4.058,23.47,74.246,54.04,-100
2025-09-17T02:32:44Z,165,1,test-tx,357,104080,4.063,24.78,76.604,43.65,-96
2025-09-17T02:32:46Z,165,1,north-pasture,367,109281,4.02,24.52,76.136,44.34,-117
2025-09-17T02:32:55Z,165,1,high-tunnel,349,105206,4.057,23.47,74.246,51.26,-102
2025-09-17T02:33:00Z,165,1,test-tx,358,104368,4.058,24.76,76.568,43.67,-96
2025-09-17T02:33:01Z,165,1,north-pasture,368,109573,4.02,24.5,76.1,44.37,-116
2025-09-17T02:33:11Z,165,1,high-tunnel,350,105499,4.058,23.49,74.282,51.24,-101
2025-09-17T02:33:15Z,165,1,test-tx,359,104655,4.062,24.72,76.496,44.19,-96
2025-09-17T02:33:16Z,165,1,north-pasture,369,109865,4.026,24.49,76.082,44.91,-116
2025-09-17T02:33:27Z,165,1,high-tunnel,351,105793,4.055,23.46,74.228,50.51,-102
2025-09-17T02:33:31Z,165,1,test-tx,360,104942,4.057,24.73,76.514,44.2,-95
2025-09-17T02:33:32Z,165,1,north-pasture,370,110156,4.021,24.46,76.028,44.75,-116
2025-09-17T02:33:42Z,165,1,high-tunnel,352,106087,4.055,23.46,74.228,51.34,-102
2025-09-17T02:33:46Z,165,1,test-tx,361,105230,4.057,24.69,76.442,43.66,-95
2025-09-17T02:33:47Z,165,1,north-pasture,371,110447,4.021,24.44,75.992,44.29,-116
2025-09-17T02:33:58Z,165,1,high-tunnel,353,106381,4.055,23.43,74.174,50.95,-102
2025-09-17T02:34:01Z,165,1,test-tx,362,105517,4.055,24.65,76.37,43.83,-96
2025-09-17T02:34:02Z,165,1,north-pasture,372,110739,4.018,24.43,75.974,44.38,-116
2025-09-17T02:34:14Z,165,1,high-tunnel,354,106675,4.058,23.43,74.174,50.2,-102
2025-09-17T02:34:18Z,165,1,north-pasture,373,111031,4.024,24.43,75.974,44.39,-116
2025-09-17T02:34:30Z,165,1,high-tunnel,355,106969,4.057,23.42,74.156,49.91,-101
2025-09-17T02:34:32Z,165,1,test-tx,364,106091,4.053,24.64,76.352,43.72,-97
2025-09-17T02:34:33Z,165,1,north-pasture,374,111324,4.021,24.4,75.92,44.36,-115
2025-09-17T02:34:46Z,165,1,high-tunnel,356,107263,4.055,23.38,74.084,49.7,-102
2025-09-17T02:34:48Z,165,1,test-tx,365,106378,4.053,24.64,76.352,43.94,-95
2025-09-17T02:34:48Z,165,1,north-pasture,375,111617,4.02,24.4,75.92,44.5,-116
2025-09-17T02:35:01Z,165,1,high-tunnel,357,107557,4.058,23.34,74.012,49.08,-102
2025-09-17T02:35:03Z,165,1,test-tx,366,106666,4.057,24.64,76.352,43.91,-96
2025-09-17T02:35:03Z,165,1,north-pasture,376,111910,4.02,24.36,75.848,44.51,-116
2025-09-17T02:35:17Z,165,1,high-tunnel,358,107851,4.055,23.36,74.048,48.5,-102
2025-09-17T02:35:18Z,165,1,test-tx,367,106954,4.058,24.6,76.28,43.92,-96
2025-09-17T02:35:19Z,165,1,north-pasture,377,112202,4.021,24.36,75.848,44.56,-116
2025-09-17T02:35:33Z,165,1,high-tunnel,359,108145,4.052,23.38,74.084,48.04,-102
2025-09-17T02:35:34Z,165,1,test-tx,368,107242,4.055,24.58,76.244,43.84,-96
2025-09-17T02:35:49Z,165,1,high-tunnel,360,108439,4.057,23.38,74.084,47.76,-102
2025-09-17T02:35:49Z,165,1,test-tx,369,107529,4.058,24.6,76.28,43.73,-95
2025-09-17T02:36:20Z,165,1,north-pasture,381,113370,4.026,24.33,75.794,44.39,-117
2025-09-17T02:36:20Z,165,1,test-tx,371,108103,4.06,24.58,76.244,43.84,-96
2025-09-17T02:36:21Z,165,1,high-tunnel,362,109027,4.06,23.4,74.12,48.78,-102
2025-09-17T02:36:35Z,165,1,north-pasture,382,113662,4.018,24.3,75.74,45.05,-113
2025-09-17T02:36:36Z,165,1,test-tx,372,108390,4.06,24.58,76.244,45.63,-97
2025-09-17T02:36:36Z,165,1,high-tunnel,363,109321,4.055,23.38,74.084,49.22,-101
2025-09-17T02:36:50Z,165,1,north-pasture,383,113954,4.021,24.35,75.83,45.4,-117
2025-09-17T02:36:51Z,165,1,test-tx,373,108679,4.058,24.54,76.172,44.94,-96
2025-09-17T02:36:52Z,165,1,high-tunnel,364,109615,4.053,23.36,74.048,49.3,-102
2025-09-17T02:37:06Z,165,1,north-pasture,384,114245,4.016,24.4,75.92,44.89,-123
2025-09-17T02:37:06Z,165,1,test-tx,374,108967,4.058,24.52,76.136,44.8,-96
2025-09-17T02:37:08Z,165,1,high-tunnel,365,109909,4.057,23.34,74.012,49.78,-101
2025-09-17T02:37:21Z,165,1,north-pasture,385,114536,4.018,24.43,75.974,44.77,-117
2025-09-17T02:37:22Z,165,1,test-tx,375,109255,4.057,24.51,76.118,44.88,-97
2025-09-17T02:37:24Z,165,1,high-tunnel,366,110203,4.055,23.3,73.94,50.23,-102
2025-09-17T02:37:36Z,165,1,north-pasture,386,114827,4.016,24.46,76.028,45.25,-111
2025-09-17T02:37:37Z,165,1,test-tx,376,109542,4.055,24.5,76.1,44.58,-97
2025-09-17T02:37:39Z,165,1,high-tunnel,367,110497,4.053,23.29,73.922,50.61,-102
2025-09-17T02:37:52Z,165,1,north-pasture,387,115118,4.023,24.6,76.28,44.88,-124
2025-09-17T02:37:53Z,165,1,test-tx,377,109830,4.058,24.51,76.118,44.46,-96
2025-09-17T02:37:55Z,165,1,high-tunnel,368,110791,4.057,23.23,73.814,50.19,-102
2025-09-17T02:38:07Z,165,1,north-pasture,388,115410,4.024,24.66,76.388,44.97,-118
2025-09-17T02:38:08Z,165,1,test-tx,378,110118,4.062,24.47,76.046,44.58,-95
2025-09-17T02:38:11Z,165,1,high-tunnel,369,111085,4.058,23.2,73.76,49.85,-102
2025-09-17T02:38:22Z,165,1,north-pasture,389,115702,4.016,24.7,76.46,45.15,-115
2025-09-17T02:38:23Z,165,1,test-tx,379,110406,4.058,24.48,76.064,44.94,-96
2025-09-17T02:38:27Z,165,1,high-tunnel,370,111379,4.055,23.2,73.76,49.39,-102
2025-09-17T02:38:37Z,165,1,north-pasture,390,115994,4.021,24.66,76.388,44.61,-124
2025-09-17T02:38:39Z,165,1,test-tx,380,110695,4.058,24.47,76.046,45.24,-102
2025-09-17T02:38:43Z,165,1,high-tunnel,371,111673,4.055,23.18,73.724,49.29,-102